<?xml version="1.0" encoding="UTF-8"?>
<project-private xmlns="http://www.netbeans.org/ns/project-private/1">
    <editor-bookmarks xmlns="http://www.netbeans.org/ns/editor-bookmarks/2" lastBookmarkId="0"/>
    <open-files xmlns="http://www.netbeans.org/ns/projectui-open-files/2">
        <group>
            <file>file:/C:/Users/0030482323031/Documents/NetBeansProjects/prjExemplo5/src/Exemplo5.java</file>
            <file>file:/C:/Users/0030482323031/Documents/NetBeansProjects/prjExemplo5/src/prjExemplo6.java</file>
            <file>file:/C:/Users/0030482323031/Documents/NetBeansProjects/prjExemplo5/src/Exemplo.java</file>
        </group>
    </open-files>
</project-private>
